Ocl_gshpx-357	GAGATCCTGAGGTCCCTGAAGTAT	ATCCGTCCAGGAAATG	TCCGTCCCGGAAATG
Omy_myclarp404-111	GCTGTGGTGCTCATGGGTAAA	CAAAGCCATACGTGGCC	AAGCCATCCGTGGCC
Omy_Omyclmk438-96	CCCGACTCTACTTCACTACTTTCCT	TACGCAAATTAGGTTTAAA	CGCAAATTAGGGTTAAA
M09AAC.055	GTCTCCGACGTGTGGCT	ACCTCCACGCTGTCC	ACCTCCACACTGTCC
OMGH1PROM1-SNP1	TCAAACTGCATTTGATGGAAACAAACAT	TAGTGTTCACTGACTTCA	TAGTGTACACTGACTTCA
OMS00003	GTGCCACTGATGAGGATGAGATCA	CTTTACTGTCGACATTTTA	TACTGTCGCCATTTTA
OMS00008	CCCTTTAAGGAGGATTTTAAATATGTGAGATAGAA	CTTCAAATATCCATAATTATATC	TCAAATATCCATAATAATATC
OMS00013	GCCTTTGTTCTCCTTGGTGGTTA	CTTCTTTTCCCTTGCTACTC	CTTTTCCCTCGCTACTC
OMS00014	CTTACACACAAGGGCTTCATTCTG	TGATTTGATGAATTAAACTTC	TTGATGAATTGAACTTC
OMS00015	TCAGACCCTATTTTTGGCACAAGT	CAAGTCACACTTTTAATGAA	CAAGTCACACTTATAATGAA
OMS00017	ATTAAGTTCATACAAAAGTTCATCATAAATATTTTCCTTT	TAGACCTCGGTGCTGTAG	CCTCGGCGCTGTAG
OMS00018	AGAGTACATGTGTGGCTGCAA	AACCACATAATTAATAATTC	CCACATAATTCATAATTC
Omy_cd28-130	CACAACTCCACAGAGACAGTGA	CCTGTTCATTCACCC	CTGTTCGTTCACCC
OMS00030	CCTCGTGACTACAGAGCTATACAAC	ATGAGGGTCCCTATACAGG	ATGAGGGTCCCTCTACAGG
OMS00048	GGAAGAGCTGGAGAACAACGT	CAGCTAAACTCAGCAAAA	AGCTAAACTCGGCAAAA
OMS00052	TGCGTTTTTCATCCCAATCATTCAC	CTTCCTTTTGAGAATAAT	CCTTTTGCGAATAAT
OMS00056	TCAGGAAGTAAACTGAAAATTCCAATGTATGA	TAGCTTGACCAAATAGCA	CTTGACCGAATAGCA
OMS00061	AAGTGGAGGCTGACCTGTTG	CATTGCCATTTACAGACTT	TGCCATTTGCAGACTT
OMS00092	TCTCCAGGTGTATCTTGAGAAGGT	CAGCTGAGAATAGGTTC	AGCTGAGAAGAGGTTC
OMS00096	CATGAGAATGGATCAGTCTCCACAA	AAAGAGGAAGAGTCTCG	AAAGAGGAAGCGTCTCG
OMS00087	GCAAATTTCACCCTTAACGTGGTTT	GTTACAACTGACAAAGTGTG	GTTAAAGCTGACAAAGTGT
OMS00119	AGCGGCAGTTGTGTTAATGAGA	CCACACAGCTGCCTGT	CACACAGCAGCCTGT
OMS00129	GGAGATGATGAAATAAAAATTGAGGAAAAGATGA	TTGAACAACAAGAAAAA	TTGAACAACAACAAAAA
OMS00133	GACCACTTCACTCATTCCTCCTTTT	CGCCTCCATCTTTGTGGT	CGCCTCCATCTCTGTGGT
OMS00138	TCGGACCACATGAGCAGTTC	CTAACAATAACCAAAGACTG	CTAACAATAACCACAGACTG
OMS00149	GGCATCATTGTTCTTGCTCTGTTTA	GCTAAATGCACAG	GCTAAAGGCACAG
OMS00151	CTAACGTCTTCCCAATGATATTTCACAAGATA	TCATGACCTTGATAATC	ATGACCTCGATAATC
OMS00095	CTCCAATGGCTGTCAACAATTAAATATAAGAC	AGGCAACTATATATTTTTTT	AGGCAACTATATATATTTTT
OMS00169	AGCACTTGACTCAAACTCACATAAATCA	CAAAAAGCATTGATATCAAT	AAAAGCATTGACATCAAT
OMS00173	TGGAAGTAGCTACTTAACAGGAAATGG	CATTAGCTTGTGTATGAACT	ATTAGCTTGTGTGTGAACT
OMS00176	GTTGGAAGTTCCGGTGGTAGAG	TTCCAGCACTGCTGTC	CCAGCCCTGCTGTC
Omy_impa1-55	CGCTGAGAGGATTGTCAA	CGAGATGATGCGTCTACA	CGAGATGATGCATCTACA
Omy_103705-558	CTCCAATCGCAAATACCCAGACT	AGACTTACCCAGAGTGAGAG	ACTTACCCAGGGTGAGAG
Omy_105075-162	GGAGAAGGACAAGGACATTGGTAAT	CTTTCTCTCCTACTTTCC	CTTTCTCTCCTCCTTTCC
Omy_107031-704	GGCTTTCGGATACTGAGCAACAA	TGGACATGATTGCATAGAC	CTGGACATGATTACATAGAC
Omy_107285-69	GCCCTTGTGACAATGCACTGTTATA	ATACGTTACTTTTGACCTTGT	ACGTTACTTTTCACCTTGT
Omy_110201-359	GGTAAGGCCTGTCTGACTATTTTGA	TTTGGCTATTGAAATTATACATT	TTGGCTATTGAAATTCTACATT
Omy_CRBF1-1	AGTTCCGTACGGTAGCCTATTCTA	CAGAGTCGCCAAAAT	CCAGAGTCACCAAAAT
OMS00114	GGATGATGCTGTGAGTCGAGAAG	AAACGTTTCACATGCACC	AAACGTTTCACCTGCACC
OMS00143	GGAGGCACGCCCCAAA	CCTGATCCAGAATCTAGA	CCTGATCCAGAGTCTAGA
OMS00174	TGACTAACTATGCAGCCTGAAAGG	CAAGAACAGGATAAATGT	CAAGAACAGGCGAAATGT
Omy_97077-73	GTGTAAACAAAATGACTCTGGGATTCAG	TGGTGCAATAGAAATA	CATGGTGCAATAGTAATA
Omy_97865-196	TCCAGACTTCTGGTTTGTTCCATT	ATTAATTAACAAGCTC	ATTAATTGACAAGCT
Omy_97954-618	GCTCTGCTTCCTCGGCAAATA	CAACGCTTACCGGTGTGT	CAACGCTTACCAGTGTGT
Omy_128996-481	CTCATCCACACTGTACAGTACAAGT	CAAACCTCAACCAC	CAAACCGCAACCAC
Omy_aromat-280	CTCCATTGATTCATGCCGAACATT	TCTTGCAAACTCC	TCTTGCGAACTCC
Omy_aspAT-123	GCCCATTTCACTGATGCTGTGA	CCTTCCTAGGCAGTCAG	TTCCTGGGCAGTCAG
Omy_b9-164	GCACAGAACACAGCCAATATTAACA	CCTACAACTTGATCTAACGTG	CCTACAACTTGATCTACGTG
Omy_BAC-F5.284	CCTCATTTACTGTAGGACCATGCA	CAGTAGGGCGGCAAG	ACAGTAGGACGGCAAG
Omy_BAMBI2.312	CGAGCTCATGTCCGAAACTCAT	CCGAAAGTTCAACTTT	CCGAAAGTTAAACTTT
Omy_carban1-264	GCAAAGCCTCATCTTCAATCATTTGT	CATTAATATTGCTAATAACACCAAG	ATTAATATTGCTAATAACACTAAG
Omy_cd59b-112	TTTGGATAAGATTGTCTTATATGACTAAAATGTCATGT	CTAAAAGCCTATAGCAAACT	CTAAAAGCCTATAACAAACT
Omy_cin-172	CGCATGGGACAGGTGTGT	CGCTCACCGTGGTTAC	CGCTCACCATGGTTAC
Omy_cox2-335	AGCTGGGCTGTATTTGTCAATACTT	CTTTAAAGACAAAGACTTTAT	TTTAAAGACAAAGCCTTTAT
Omy_e1-147	GCACTGACTGTTACCAGGAAAGAG	CCATCCTGAATCTGATTAA	CCATCCTGAATATGATTAA
Omy_g1-103	AGTCGTGACAATGAGAAACAGTGTT	CCTTTTACAATGAAGATC	CTTTTACAGTGAAGATC
Omy_G3PD_2-371	GCAGGTAAGGTACACCATAGAGACA	AGACATGTGGATTGGCA	CAGACATGTGTATTGGCA
Omy_gadd45-332	AGAGAAGACTCACTGCTGTTTGC	TTGCTCCAAAATGG	TTGCTCCGAAATGG
Omy_gdh-271	AGGTCAGTCTACTTACAGTATAAAGCAGT	TCACCCTGAAGTGTAGAC	TCACCCTGAAATGTAGAC
Omy_gh-475	AAGTTACCAGAATTTTGCAAACTCAACT	CTGAAACTCATGGTATACA	CTGAAACTCATGATATACA
Omy_GHSR-121	CTGTGTATAAGTTTATACAGTCAGCACAGT	CCTAATAACCATGATAACAGC	AATAACCATGGTAACAGC
Omy_hsp47-86	CACATTAAGCACTCCCAGGGA	CAGGAGTGTAAATGTTT	ACAGGAGTGTATATGTTT
Omy_hsp70aPro-329	TGCGTATTATTGTTTTTCAAGGACTTTCAAA	ACATTCCAATATTCAACTAT	CATTCCAATATCCAACTAT
Omy_IL1b-163	GGAACAACAGGATTAAGCCTACTCT	CTGAGGTCATAAAAATA	CTGAGGTCATACAAATA
Omy_inos-97	GATGGACAGGGTCCTCTTCAC	CCTTTCTTGATGGTATCC	TCCTTTCTTGATTGTATCC
Omy_LDHB-1_i2	ACGCACACTTATCCTTGACAATGTT	ATGGGCAGTCATTCA	TGGGCAATCATTCA
Omy_LDHB-2_e5	TGCTAGGTGAGTCAGAGGTACATATT	TTTACCTGTCAAC	CCTGTCGAC
Omy_LDHB-2_i6	TCCTCGCCAATACCATACATGTC	CTGTGTTTTGCTTCCCCA	CTGTGTTTTGATTCCCCA
Omy_lpl-220	TGACAATCACTGAGCAACTGAACTC	AGTGACAGTCA	AGTCACAGTCA
Omy_mapK3-103	GAAGTCATTACTGGTCAGTGGTCAA	AATTATTAAGCCTATTTTTTT	ATTATTAAGCCTAATTTTTT
Omy_mcsf-268	CCAGCATTCGTTCCCATTTCC	AAATAATAGATAAACCCT	AAATAACAGATAAATCCT
Omy_metB-138	TCTGTCCCTGACGCTATAAAAACG	TTCGCCAAAGAGAAAT	TTCGCCAAAGTGAAAT
Omy_myoD-178	GGTCAAATATTTCATTTACGATTACACTTAGGC	TTTTATGAGATATAATTTCC	TTTTATGAGATATCATTTCC
Omy_nach-200	CTCATGAAAAACGGGAGAGCAAAG	AACTGACAGAGTCACAAC	CTGACAGAGACACAAC
Omy_nxt2-273	CTTTAGAAAAGCCAAGGTATATTTTAACATACTTCT	AAGGCAC	AAGGCAT
Omy_OmyP9-180	CTGGATGTGTAGTATCGGTGGAAAA	CTGTAGTAGTCCCCATTGT	CTGTAGTAGTCCGCATTGT
Omy_pad-196	CAAACAACCACAGTAGTCCTCCAAT	AAGACAAAGGTGTAATACC	AAGACAAAGGTATAATACC
Omy_ppie-232	CTGTTTTAGATTAGAATGTTTTTGGTCAGGT	AAATAGCGGAGAAAAT	AAAATAGCAGAGAAAAT
Omy_ca050-64	GTCATACAGAACTGTTTTGTTGTGTCAA	CAGTTTGAAGAATATACTC	CAGTTTGAAGACTATACTC
Omy_sast-264	GAAGTAGGGTTTGTTGACCATGTGA	CTAGCCAATGCGTCTAA	ATCTAGCCAATGTGTCTAA
Omy_SECC22b-88	GGATCCCTCCTTTTAACACAAGACT	CTGTCTGTCCATATATC	CTGTCTGTCCGTATATC
Omy_sSOD-1	GCCGGACCCCACTTCAA	CCACAACAAGACCC	CCACAACCAGACCC
Omy_star-206	CGTGTGCCAGCCCTTCT	TCTTTGGCACTATATCT	TTTGGCACCATATCT
Omy_sys1-188	CTTAAATGGTGCTGGTTGCTGTATT	AAACATGTACGACCTGTC	TGTAAACATGTACTACCTGTC
Omy_tlr3-377	GTCGCTCCGGGTGCTT	CGTGATTAGGTTCTTC	CGTGATTAGATTCTTC
Omy_tlr5-205	GAGCGTATCTGGTATGGTAACAACA	CAGTAATATTTCAGTGCCCG	CAGTAATATTTCTGTGCCCG
Omy_hsf1b-241	AGCCCGAACTATCCTAAAGCATTTT	CAGTGTTTTGTTTTTTGTCATT	AGTGTTTTGTTTTTGTCATT
Omy_u07-79-166	CCCGCTATATTATTTGATCACCCTTGA	ACTTGGGAATACCCCAGCC	CTTGGGAATAACCCAGCC
Omy_u09-52.284	TTTGTGTGTATTGTTGTGACTTG	ACTGCATTGTTGTAGCTAG	CTGCATTGTTGTCGCTAG
Omy_hus1-52	CTTGCCGGAGGGTAGCT	CCCATCCCTCCTCCTGG	CCCATCCCTTCTCCTGG
Omy_u09-56.119	CCAAGGTGGACCCACCAG	AGTGAGCTGAAACAGAGCA	TGAGCTGAAGCAGAGCA
Omy_nips-299	GACAGGATAGGAACGGTTTCTCAAT	CTGGATTTCACATGTAATAC	CTGGATTTCACGTAATAC
Omy_UT16_2-173	ATTGACTCATTATCACCTTAGTTGTAGCTTCA	ACAGTCAACAAGGGACTTAA	ACAGTCAATAAGGGACTTAA
Omy_vamp5-303	CTGCTTCCCAATTCAGTATCGTCTT	TGGCCGTAGTAGTTGGTCA	TGGCCGTAGTTGGTCA
Omy_zg57-91	CACTCATACACTCACTCACAAAGGA	CACAGACTGCACAGCC	CCACAGACTTCACAGCC
Omy_ndk-152	AAGAATTGAGGGATAAAAACAAAATAATATATAAACATGA	ACCCACTTTCAAAAC	ACCCACTCTCAAAAC
M09AAD.076	ACTGTTACCACTCTCTCATCAACCT	CACCAACCACTGGTGAA	CCAACCGCTGGTGAA
M09AAJ.163	TCCCATGGCCCTTACTCTATCAA	AACAAAGTGAAAGTGTCCTTA	CAAAGTGAAAGTGTCTTTA
M09AAE.082	CTATGTGCAGTGCCCTTCTCA	AGGTTGTTTTACAAATTTAA	AGGTTGTTTTACACATTTAA
OMS00002	TTTGATTTGATTTGTATCTGCTTCTT	TGTTTTGCAGCGCTC	TGTTTGGCAGCGCT
OMS00006	TCCACGTAGGACATAGTTTGAGCTA	CACTTACAAATACAAAATT	CTTACAAATGCAAAATT
OMS00024	CACATACAACCATCACCCTTCCTAA	AAACCCAAATTTTAC	AACCCCAATTTTAC
OMS00039	GTCAGTACTGTGTGTGTCTGTGT	GTACGTGTCTCTGACC	GTGCGTGTCTCTGACC
OMS00053	GGAGCCAGGTCAAGGTGATC	ATTTATATGTATCAATCA	ATTTATACGTATCAATCA
OMS00057	GAGAAAGGGAGCATGAGACAGA	CTCCACAGAACCTTG	CTCCACAGCACCTTG
OMS00058	GTGACATTTGGAGCCACTGC	CAACACTTTGTACCCCTC	CACTTTGCACCCCTC
OMS00062	ACCCTGGGAAGGCTACTGTAC	TTGACCAGCAGATGGTGTA	ACCAGCAGGTGGTGTA
OMS00064	GTGGATATGTAGTTCGATGGAACAGT	CAGGCAACATTTTATATAACTA	CAGGCAACATTTTATCTAACTA
OMS00068	GCACTAACTGGACAACATTTTTAAGAATGA	AATATGCCTCCTTCGTCTC	TATGCCTCCTCCGTCTC
OMS00070	CGTTCCTGCGGGACAGT	CAAAATACGGAAATGCAG	AAATACGGGAATGCAG
OMS00071	CCGGAGTGACCTCACATTTGG	CTTGTTTGAGCTTTTTCT	TTGTTTGAGCCTTTTCT
OMS00072	GTGGGAGAGCTCGTCTATGG	TAGAAGGTCCATGTATCTC	AAGGTCCATGCATCTC
OMS00074	CCTGTTTATTCATCTAAACCAGTTCTTTAAAAT	TGAAACAAAACAAATGTTCC	AAACAAAACACATGTTCC
OMS00077	AATACCATCTTGAGCTCATTAGTAATTATTCAA	TTCCGGTGGTGAAGTT	CCGGTGCTGAAGTT
OMS00078	GAGGGAAGCAGCCATAAACAGAATA	TTCACATGCATAAGAGTG	TCACATGCATGAGAGTG
OMS00079	GTAACATTATGAATCTATCAGTTTCCCTAGCT	CTACTTTTCACAGTAACACAG	CTACTTTTCACAGTGACACAG
OMS00111	CATGCGGACCTGCATAGCT	CAACCAGACTACCATTC	AACCAGACTGCCATTC
OMS00089	GCACCATTTGAATAAAAAATCTGCTTTGT	ATGAATCCCAAATAAGAAC	AATCCCAAACAAGAAC
OMS00090	AGGGCACAACACCACTCTAAATT	ACAACCACACAAGATT	AACCACGCAAGATT
OMS00101	GCGTGTCGTGGGTCAGTTAAATA	CTCTAGTAGCCTTATAGAAAG	CTAGTAGCCTTACAGAAAG
OMS00105	ACATTTGAAGTCAGTATGGGTGTTGAG	CTGCTATTCAAATTGCT	CTGCTATTCACATTGCT
OMS00106	CGTGTAGCATTCTTGAGGAAGCTT	TCTGATGGAAACTTTC	TGATGGCAACTTTC
OMS00154	GATGTTGGCTGGAGGTGTAGT	ACAGGGCTTCTGATTGA	AGGGCTTCAGATTGA
OMS00112	TGGCAGCAAAAGGGATGCA	CCGGTTTCAAGTTTACTTGT	CGGTTTCAAGTATACTTGT
OMS00118	GCTTATTTAGAGTGCATGCCAGATG	GCGGGGTGTGCACATT	GCGGGGGGTGCGCATT
OMS00120	GGCAGAAGAGGAGAGAGATATGATTG	CGCCCACTAAAAC	CACCCACCAAAAC
OMS00121	GGAAGGAGGTCCAGTGTGAGT	ACAGCGTGATAAATT	CAGCGTGGTAAATT
OMS00132	GTTTATGACTCCATTGCCGAAATGATT	CAGCAGTCCTCTGTGTGG	AGCAGTCCTCAGTGTGG
OMS00175	TTGCGATATGGGACTGTATACATTTATTCC	ATCACTAGTTCAAATACAA	ATCACTAGTTCAGATACAA
OMS00179	GTCATAACAAAATCAGGGCTTTCCAA	TGCCTCTTCTCTTTTCTCAT	CCTCTTCTCTTGTCTCAT
OMS00180	GCGCCGAATGGCATTAGG	CTAAAAGTGCATTAAGCC	CTAAAAGTGCCTTAAGCC
Omy_101832-195	TGGCTCTGGACCTGTTGAGA	TGTAGTCTTTCAGAGTAGTATG	TAGTCTTTCAGAGGAGTATG
Omy_101993-189	ACAAAACACAGTGGAATTACAATTAACGTT	CTTGATTTGCAGCTTGTCAA	TGATTTGCAGCATGTCAA
Omy_102505-102	CTGCAAACTGACATGGTAGCAAAA	AACAGGATGTTTTTGC	CAGGATGCTTTTGC
Omy_104519-624	CGTGTGAGTTTGCGGTAAAGAC	CAGCAGGATACATCCGACT	AGCAGGATACGTCCGACT
Omy_105105-448	CAATTTGCAAGCAGGGAAAGGTTAT	AAGGAGAATGCATAATC	TGAAAGGAGAATACATAATC
Omy_105385-406	GTAACCTACCCTCACCTGAACTTCA	CTTGGAACCATTGCTAC	TTGGAACCGTTGCTAC
Omy_105714-265	CCACTCAGTGCAAGCATGGA	CTGTTGTTTGAGGTTCAG	TGTTGTTTGAGATTCAG
Omy_107806-34	TCTTTGTCCATGCACATTGATATT	ATTGGATGTCAGTGTCATT	ATTGGATGTCAATGTCATT
Omy_108007-193	GTGAATACCACCCAGGCTTGT	ATGTTTTCTCCCTACTTAAC	TTTTCTCCCCACTTAAC
Omy_109243-222	ATGTGCACCTCTTAAATTGTAAGTAAAATGT	TGTTCATTAAATTGACTTTTT	TTCATTAAATGGACTTTTT
Omy_109894-185	GGGAGGAATTGGAATGACAGATTAAC	CTCCCTGATCCCCC	CTCCCTGGTCCCCC
Omy_110064-419	GTGCAAGGGACCTAGCTAATCC	ACGTTAGCTTTTAATTTC	AACGTTAGCTTTTCATTTC
Omy_111383-51	CACGCGCAATCTCTCGTTTTAC	AGCAAGCGCACTAGGT	AGCAAGTGCACTGGGT
Omy_113490-159	CATAGTACATTTACAGATAATGTTTTAAAGTGCATGT	CATCTGTTTTGGTTTAGC	CATCTGTTTTAGTTTAGC
Omy_114315-438	CCTCACCGATCTAGTCAACTTCATC	TTATGGGCTTAAGGGTC	TTATGGGCTTACGGGTC
Omy_114587-480	CAGATTACGTTATTACGTTTGGGAAATTTTTAAGT	CCTGTCCAAAATTGT	CCTGTCCACAATTGT
Omy_129870-756	TCGTTATTTTGCCTCGCGGTA	ACAGGTATTTCGTGAAATG	CAGGTATTTCATGAAATG
Omy_116733-349	GAAATGGACATGCCTACAAATTGCT	AGAGAATCTGATAGTATTTC	AGAGAATCTGATAATATTTC
Omy_128923-433	CTATGTCCTTGGCAGAAGTCTACA	CTTCATTTTCATTCACTGTTTT	CATTTTCATTCGCTGTTTT
Omy_130524-160	CGAAGGTAGCGATTGGTCGTT	ATGGCTTGATCCTCA	ATGGCTTCATCCTCA
Omy_97660-230	TCAGTTATGTGTAATCTCATTACCTCTCCAA	ACGTAACTTGTAGCGTTTT	ACGTAACTTGTACCGTTTT
Omy_99300-202	CAGTTTGACCCGATGGTGTGA	TCAGGCATGAGAGAAA	ATCAGGCATGTGAGAAA
Omy_aldB-165	GGGTTAGGTGGATTTGAAGGAGTAA	CTAAAATGAACTCCCCACC	CTAAAATGAACTCGCCACC
Omy_anp-17	GGTAATGCCACATGCGGTAAATT	CTCTCATTGGTATAGTAACC	CTCATTGGTATATTAACC
Omy_arp-630	CTGCACAACTTGTTTCCTGCTATT	CCGCTCCGTCTGCT	CCGCTCTGTCTGCT
Omy_b1-266	TCATGTGAACTTTAATTGACTAGGAAGTCG	TCTATAAACAACATTTTTC	TCTATAAACAAAATTTTTC
Omy_BAC-B4-324	CGTACTTTTCTTTTACAAAATTAAGTGGAGGAT	CATTGCCAAATACG	TACATTGACAAATACG
Omy_ada10-71	TCTTTGAGCGACAAAGTCCTTGT	CTTCCTGCGTCCAA	CTTCCTGCATCCAA
Omy_redd1-410	GTACTCCCACTAACATACAGTAGACTCA	AAAATATCCTGCAAGGAAT	AATATCCTGCAAGAAAT
Omy_cd59-206	CGATTGGCCCAGATGTTTCCAT	CAACAATCGAAGGTAAAT	CAACAATCAAAGGTAAAT
Omy_colla1-525	CCTCGGCGTGACAACCT	CTGTTGGGAGAAGAG	TGTTGGGAAAAGAG
Omy_cox1-221	CACTGAACTGTAAGCCATTGTGATT	CGGTAAGACCATTAAAA	CGGTAAGACCATTTAAA
Omy_crb-106	GCTCAAAAAGATTCTGCCAAATTCACA	TTGCAATGCGTCTTT	TTGCAATGAGTCTTT
Omy_g12-82	GATCAATTCGATCGCTCATGAAACTT	CAAACTCTCAGGATTAG	AAACTCTCGGGATTAG
Omy_gluR-79	GACTGTCTATAGCTATTCTTCTCAAACTGT	CAAGTATTTTGCGTAGGAAT	CAAGTATTTTGCATAGGAAT
Omy_hsc715-80	CCGGTCTACCCTATAGCTGTTG	AACTGTATTTGGGAAAAT	ATAAACTGTATTTGTGAAAAT
Omy_hsf2-146	CCAACAATTGCAGCCTCATCTTAAT	ATAATCTACTA	ATAATCTAACA
Omy_IL17-185	CCACCACACTCTGCAGCTT	AAGAATCTCACCTGCCCAT	AAGAATCTCACTTGCCCAT
Omy_Il-1b_.028	ACTGTCTGGCTAGAGCACATTG	CTGAGGCAACTTTTGT	TGAGGCAGCTTTTGT
Omy_Il1b-198	CAAGCAAAATTGACTCCAGCCATTA	GGGAATGAAGCAACAACTA	GGGAATGAAGCTACAACTA
Omy_IL6-320	CGACTGATCTCCTGCAGACATG	CTATAGGAGAGAGGACAACA	ATAGGAGAGAAGACAACA
Omy_metA-161	CGCATGCACCAGTTGTAAGAAAG	CAAGTAAGTGGTTATATTCT	CAAGTAAGTGGTTCTATTCT
Omy_NaKATPa3-50	GTTGAGCGTGTTATGGGAAAAGAG	CACTCTGTTTCCTTTCTTT	TCTGTTTCCGTTCTTT
Omy_txnip-343	CCTTCAAACTAACGCATCATAGACATG	AACTGAAGAGATCTG	AACTGAAGGGATCTG
Omy_nkef-241	AGTGTCATTGATGTCGGCCTATTTT	CTTCTGTATCATTTTTG	TCTTCTGTATAATTTTTG
Omy_ntl-27	GGTGTGTTACTGTAGTTGTGTCCTT	CAGACAAGAGTACCCCAAGAC	CAGACAAGAGTACTCCAAGAC
Omy_Ogo4-212	TGAAAGGTTTTATGCAGGTTATTTTCT	CATTTGATGAGACATCTT	ATTTGATGAGGCATCTT
Omy_bcAKala-380rd	TTGCTCTCTTCTGGTTGCCTTA	CATACCCATCCTATGTCAG	CATACTCATCCTATGTCAG
Omy_Ots249-227	CTATCTATCTATCTATCTATCTATCTATCTATCTATCTACTTACTGAGA	CCCTCTGAGAACTAC	CCTCTGAAAACTAC
Omy_oxct-85	CGTCACTGAAACATTACTGTAACATCCA	CATCGCTTATTTATGC	CATCGCTAATTTATGC
Omy_p53-262	CCCCAACATCCAGTATACAGTTTCA	CAAGTAGTATGGAGCTCTAT	AAGTAGTATGGTGCTCTAT
Omy_rapd-167	CCCAACATGCTCTATTGCAGCTA	AAACAATCCCCCCCAAA	AAACAATCCCACCCAAA
Omy_rbm4b-203	CTGAAATTTGATGAATGGAAGCTGCA	CACGTTATTATGAAAAGGATGT	ACGTTATTATGAAAAAGGATGT
Omy_srp09-37	TAGTTGTATTAACTCTTCTTTGAGTCTAGA	TTGTGCTATTGACGCCACAG	TTGTGCTATTGACACCACAG
Omy_stat3-273	CAGACCTCCTCTATCTCCCTATGAG	CCAGTTTG	TCAGTTTG
Omy_u09-53.469	ACAGCCTGAGCGTTTGCA	TTGCAGCCCTTATTGTG	TTGCAGCCCTTGTTGTG
Omy_u09-54-311	GTGGCTCCCCAGGAACAAG	TGGTAATTATTCAACAGATCAGT	TGGTAATTATTCAACAAATCAGT
Omy_U11_2b-154	GGGAAGCAGAAAAACTGGAAGTT	AATGATACTTTTCAGATTGTAAC	TGATACTTTTCAGGTTGTAAC
Omy_vatf-406	TTGCTTCATTTTGTCATAACCTTGGG	ATGACTATCCACA	ATGACTGTCCACA
OMY1011SNP	AGGCTGGTTTGGGATTCACTG	CTTTACCTCGAAGACAAT	ACTTTACCTCTAAGACAAT
OMS00041	GATTCTGTTCCATCCTCTTTCTGTCA	CCACTCTATGCCTGCCCT	CACTCTATGCGTGCCCT
OMS00103	GAGATCACTGTAGGATTGGCTGTTT	CTCCACAGTAATTTTTTTTT	CCACAGTAATTATTTTTT
OMS00116	GCCTTTCTCCCATATCACATTCGA	CTTTTACATTTTCAATATTCTG	TTTACATTTTCAATTTTCTG
OMS00127	CACCTTTCTCTCTCTCTCCATCTCA	CACACACCCAAATGTA	ACACACCCCAATGTA
OMS00128	ATGAAAGAACTCCCAGACACGTATTTT	ACTCTCAGAATTAATTATG	CACTCTCAGAATTCATTATG
OMS00134	GAAACTGAAATGATCCCATCGTGTT	TCTATAGCTGCAGTATATTA	TAGCTGCAGCATATTA
OMS00153	ACTTTGCACCATAGGCTTGACAT	ACAAAATGTAATTTTCC	CAAAATGTCATTTTCC
OMS00156	GAGCAGAACACATAGAGGAAAGACT	TGTGTGTCCTGCTGTAACA	TGTGTCCTGCAGTAACA
OMS00164	CAGAGGAGAGGAGAGCAAAATACTT	CCAGATTCAATTAAATTTA	CAGATTCAATTCAATTTA
Omy_1004	GAGAATCGGAGCTAATCTTAGTTATTGTGA	CATGTGATGTTTTTTTGC	ATGTGATGATTTTTGC
Omy_101554-306	GCCTGTATTTCTCCTGTATGTGCAT	TGCTTCTCACATTTTTA	TGCTTCTCACGTTTTTA
Omy_102867-443	CATTTGTTTAATTTGATTTGGCACAACTTCA	TTTGGGTACATAATTTTT	TGGGTACATCATTTTT
Omy_104569-114	CCGAGGCCGACGTGATC	CGCCACTCCGACGCC	CCACGCCGACGCC
Omy_107336-170	GCCCTCTCACTCATGACATCAAC	CACTCCTGGGTGCAGAA	ACTCCTGCGTGCAGAA
Omy_109525-403	CCTCATTCTCATTGGTGAGTTGTCT	CCTACACCTCTTTTTTCCACA	CCTACACCTCTTTTCTCCACA
Omy_110362-585	GCAGCCAAGATGAACGAAAACTTC	CACCGCCCTGCCCGT	CACCGCCTTGCCCGT
Omy_110689-148	GTGTGTGGCAGAGAACTAACTGAT	CAAATGAACACATTATTTATC	ATGAACACATGATTTATC
Omy_111084-526	CACCACACCAAGCAACTATTTCATT	CCAGTGAAATTTATTTTT	CAGTGAAATGTATTTTT
Omy_111666-301	GGGTGAAAAGAGTGGGACATTTACA	AGTATAACACAGTAAGACAAT	AGTATAACACAGTTAGACAAT
Omy_112301-202	GTAAACCCTGCCCACATAATTAGGT	AATGCGAAGACAAACT	AATGCGAAGCCAAACT
Omy_112820-82	CCTTTCCTTTTGCATTTCCTCTACTTATTTATTT	CGCCGCCAAGTTA	CGCCGCTAAGTTA
Omy_114976-223	GACAAACAGCACTTCATTGCAGTAA	ACCGATGGAACAATC	CCGATGGCACAATC
Omy_116938-264	GTTCATTCATGTTGAAGTGCGACAT	CCTTGTCTCAATTTTTCCTCT	CTTGTCTCAATTTCTCCTCT
Omy_117286-374	TGATGTGTTGTTCCTCATGGCTTA	CTTTCCTCATCATACTCTATGG	TCCTCATCATACACTATGG
Omy_117370-400	TGCAAACACAGAGGAAAGGGATTT	CAACTCCAATGAATTAA	AACTCCAACGAATTAA
Omy_117540-259	GGCAGGTTAACACAGTCATCTACTATAAA	TGTCACTTCAAAGTTTG	TGTCACTTCAACGTTTG
Omy_117815-81	CTGCTTTATGCACACCACATTGT	CTATACGGAGACCAGC	CTATACGGAAACCAGC
Omy_118175-396	AGGCTTCACACACACATGCA	CTCTTGCAGACATACCCGTA	CTCTTGCAGACATTCCCGTA
Omy_118205-116	CTGCGGTGGGCTACACA	CTACTGAGGCTGAGTGCT	TACTGAGGCCGAGTGCT
Omy_118654-91	CAGCGTAGACCGTTTCCTCATTAT	TCAGCTTGTCTTGCCGC	CAGCTTGTCCTGCCGC
Omy_120255-332	GCTAGCTAACATTGAAGGGTGGAAT	ACTATGCCATGAAGTTA	ACTATGCCAAGAAGTTA
Omy_128693-455	GCCTGCAGGAGAAGGTAGAGTTA	CACTCAACTGATACCC	CTCAGCTGATACCC
Omy_131460-646	GTGAAAAGGAATGGAGGAGTACAGT	AATAAAGCAGAATTTGTTACTG	AAAGCAGAATTTATTACTG
Omy_187760-385	CGGCTATTCTCGCGTAAAAGCT	TCCTTATCCAAAATTATTGTGC	CTTATCCAAAATAATTGTGC
Omy_96222-125	GTAAGGAACTAATTGGCGCAACATT	AACTACAACTGTAGCTAATT	CAACTGTGGCTAATT
Omy_98683-165	GCCATTGCCAGAGAATTTGGTTAA	AGCCAGATACATATTTGT	CCAGATACAGATTTGT
Omy_BAMBI4.238	CATGATGAGGAGGACCAAGATGAG	CACCGCAATCACCG	ACCGCGATCACCG
Omy_cyp17-153	GCCCTCCAAGTTCCAAGTGAAAA	ATACCTGAGTGTCATCG	ATACCTGAGTATCATCG
Omy_ftzf1-217	ACAGGGATGGGCAACTTTGTT	TCATGACGAGTTCTGATTT	TGACGAGTTCAGATTT
Omy_G3PD_2.246	TCATGTATCAATTAAGGCATTGTCTTGTCT	AGTAAAGCCCATTGTTGAGT	AGTAAAGCCCATTATTGAGT
Omy_GH1P1_2	TGCATTTGATGGAAACAAACATAT-TTATAATGTGT	AAACTGTTGAACGGTAGTG	AAACTGTTGAACAGTAGTG
Omy_gsdf-291	GCATGGAACCAGTTCTCTACAAAAG	CATAACCCAGAATTATTA	CATAACCCAGGTTTATTA
Omy_hsp90BA-193	GGAATCGATGACGACGAAGTGATC	CCTCCGCGCCTGC	CCTCCGCACCTGC
Omy_MYC_2	CGGTTGCAGAACTCTCATGTTTG	CATAGACTTTTTGACCTTAT	CATAGACTTTTTGGCCTTAT
Omy_u09-61.043	TAGTCACATCCATAGTAATACTTCC	CACTTGGTCCTTTTTCA	CTTGGTCCATTTTCA
Omy_UBA3b	GCCACTCAATGCATGTGTTTTCTAG	TGGAGATAACGCTAACTATT	AGATAACGCAAACTATT
Omy_RAD17632-23	AAGCTCCTGCAGGTCATCTC	CATGTGAGACCTTTGCA	CATGTGAGATCTTTGCA
Omy_RAD23577-43	AATAGGAACCAAGCCCCAGC	TCTGGCTCTGTCGGTCT	TCTGGCTCCGTCGGTCT
Omy_RAD26080-69	TGTGGGACAGCACATACTCC	ATTAGTAGCATCATCGAG	ATTAGTAACATCATCGAG
Omy_RAD29700-18	AATGGAATTGGCCCCAACCC	ACAATTCAAATGATTTA	ACAATTAAAATGATTTA
Omy_RAD36848-7	CGAGGACGTTCATAGGGAGC	TGCAGGGACACCACCCT	TGCAGGAACACCACCCT
Omy_RAD38269-10	AAGCCACACCGTTCAACTGA	TGCAGGCGCCCGGCCCGC	TGCAGGCGCACGGCCCGC
Omy_RAD43612-42	GTGGAGAGGGATTTTGGGGG	AAATGTGTATTTGTGTA	AAATGTGCATTTGTGTA
Omy_RAD45104-18	TGGTGCTTCAGTGCTGTCAA	CAAGACACCGCACACAG	CAAGACGCCGCACACAG
Omy_RAD47444-53	GTCGTCTGGAGGAGCTGAAG	GGCGAGCTTGGCCCAAA	GGCGAGTTTGGCCCAAA
Omy_RAD48799-69	GCTGAGCCACCTACACACAG	CATCCTAGAATAGAAGT	CATCCTGGAATAGAAGT
Omy_RAD52812-28	AGGAGTCCTGTCCCATGTCA	CAACCTCTATTCCACAT	CAACCTGCATTCCACAT
Omy_RAD58213-70	CCTGATGGGTGCTCTTCTCTC	TTTTTTTAAAATATACT	TTTTTTATAAATATACT
Omy_RAD58835-15	GTCTGCTAAGGTCCTGCAGG	ATAGCTGCTGGGACCCA	ATAGCTTCTGGGACCCA
Omy_RAD62596-38	GCAGGACACTGGTTCCCAAA	TTAAAAAATATATATTA	TTAAAATATATATATTA
Omy_RAD66834-17	CTCCTGCAGGTCATCTCTGG	TCTGGCTGACACCTTTA	TCTGGTTGACACCTTTA
Omy_RAD69583-33	GACTCTAGACTGCTCCCTGC	CCGGAGACATTCCGCGT	CCGGAGATATTTCGCGT
Omy_RAD7210-8	ACACCACACTCCACAAAGCA	TGCAGGACTTGCTTTGT	TGCAGGAATTGCTTTGT
Omy_RAD74691-49	CATCTCAGATCAGCCACCCG	ACTGTGGATTTGCACAA	ACTGTGGGTTTGCACAA
Omy_RAD77789-54	AGACAAAACCTGCAGGGGAC	TAAATTATATTTGACAG	TAAATTACATTTGACAG
Omy_RAD88122-32	TCAGTGGATGGAGTGTCCCT	GCTGTGGAGATCATCCG	GCTGTGGAAATCATTCG
Omy_RAD16104-20	ATTCCAAAACCTGCAGGGGT	AGGGCAAAGACAAAGG	AGGGCAAGGTCAAAGG
Omy_RAD35417-9	GCACTTGACCACATAGCTGG	TGCAGGACGTGCTTTGT	TGCAGGACATGCTTTGT
Omy_RAD42793-59	CACGGCTAGTGGCATGTACC	CAGAGAATGCCAACAGA	CAGAGAACGCCAACAGA
Omy_RAD47955-51	AGTGTGCTAGAATGGGCCTG	TTGGAATAGAATCTATA	TTGGAATATAATCTATA
Omy_RAD66218-58	CTGTGCAGGGAGACAGCTAG	CTTGGAGTGTGTTGGTA	CTTGGAGCGTGTTGGTA
Omy_RAD73204-63	CCTGGGCAATGACCTCCAC	GTGCCCGCTCTCCACCG	GTGCCCCCTCTCCACCG
Omy_RAD76882-63	GGTGGGGGCAAACTCAGTA	CAAATGAAAACTATGTA	CAAATGAAATCTATGTA
Omy_RAD88028-7	TAGCCCAGTTCGGTTCCAAC	TGCAGGGGCTGG	TGCAGGAGCTGG
Omy_RAD116-59	GGAAGAAGTGAGAGCCCTGG	CCACAATGTCAAC	CCACAACGTCAAC
Omy_RAD1919-22	CAGGTCACAGACACACAGGG	CAGGGAGGAGG	CAGGGGGGAGG
Omy_RAD2277-7	CATCTGTCCAAACCTGCAGG	TGCAGGTGCTGGCT	TGCAGGTTCTGGCT
Omy_RAD3651-48	GAGTACAGTGCAGTGTGGGG	GTTGGGAGAACTTT	GTTGGGATAACTTT
Omy_RAD3926-22	CGTTCCTGCAGGCTTTTCAC	TTCACTTTTCCCTG	TTCACTTCTCCCTG
Omy_RAD4848-14	TGTCCCTCTTCTGCACGATG	GAGACAAGGACAGA	GAGACAATGACAGA
Omy_RAD5374-56	GCTGTTACCGTGTGATGTTGA	AGAGGGAAAGAGAG	AGAGGGACAGAGAG
Omy_RAD9004-13	TATACCACGCCTTCCCTGGA	TCATCTGAAGGGGG	TCATCTAAAGGGGG
Omy_RAD10733-10	TATAGACCCCCTGCCAGTCA	AGGGTGAAGAACTG	AGGGTGAGGAACTG
Omy_RAD10945-51	GCAGGCGTTCCATTTGGATG	AATGCGCTTTAACG	AATGCGCATTAACG
Omy_RAD12566-14	GTGGACATTCCTGCAGGGAT	ATGTAAACAAATTG	ATGTAAATAAATTG
Omy_RAD13499-13	GTTCACCTGACGACCAAGGT	CGCCCTGTCCGCCA	CGCCCTGCCCGCCA
Omy_RAD14033-46	GCAGGAGATTTATTTGGCCCC	ATAGAGGAATAGAC	ATAGAGGGATAGAC
Omy_RAD19578-59	GGTTGGACACCTCCTGGTTA	GGTTAAGAGTATTC	GGTTAAGGGTATTC
Omy_RAD22123-69	TGGGAAAGCATAGGAGGGGA	CCAAAGATGTCAGA	CCAAAGACGTCAGA
Omy_RAD26691-36	TGCAGGAAACCGTCAATCTACA	TCTCCTAACAGAAC	TCTCCTAGCAGAAC
Omy_RAD27740-55	TCGGCCTGTACTAGTCTCACT	TAACTTTAAAAAAA	TAACTTTTAAAAAA
Omy_RAD29559-69	TGGGCATCAGAGGCATCAAG	CTGGCTTGTATATC	CTGGCTTTTATATC
Omy_RAD30230-25	ATGCTTTCCCTGCAGGTTGT	ACGTGTGCTGTAGC	ACGTGTGTTGTAGC
Omy_RAD30392-17	CCACTACTCACAGACCTGCA	CTGAGACTGTGTGT	CTGAGACCGTGTGT
Omy_RAD31079-58	CGCGCAAACTGCAGTGATAG	CGATCAGGGCCCTA	CGATCAGTGCCCTA
Omy_RAD31408-67	CAACCCTGCAGGCTACAGAA	ACAGAATGCAGAAA	ACAGAACGCAGAAA
Omy_RAD33798-24	CAGGAGGGTCAAGTGGAGTC	GAGTCTATCAAGAT	GAGTCTACCAAGAT
Omy_RAD35005-13	TGGTCAAAGTTGAGGGTGGT	CCAACTCCCGACGG	CCAACTCTCGACGG
Omy_RAD36952-53	TGTACGTCATTGGGGCTGAG	AGGACATCTTCATC	AGGACATATTCATC
Omy_RAD37492-53	AGTTAGACCGGAGCCGTCT	GTGGCTTGTTAGGT	GTGGCTTTTTAGGT
Omy_RAD39156-33	GGGTGTGACATGTGTGCAGA	ACCGTAATGGAGAG	ACCGTAACGGAGAG
Omy_RAD40132-55	TGCAGGGCCTGTATATTGCT	TCTGTGCAGTCCTC	TCTGTGCCGTCCTC
Omy_RAD40520-48	TGTTCATCTGATCAGCTGTCAG	GTCAGATTGCGCTG	GTCAGATGGCGCTG
Omy_RAD42465-32	GTGGATCTTGGACTCCAGGC	CCAGGCTGGAAGAA	CCAGGCTTGAAGAA
Omy_RAD45246-10	GCCAACAAACATTGCAGCCT	AGGTAGAGAATATC	AGGTAGAAAATATC
Omy_RAD46452-51	TGCAGGTAAGACTTGATCTGGA	TGAAGTCAGAAGTT	TGAAGTCGGAAGTT
Omy_RAD49637-74	TGGGGAACGGTCATTGGATC	CGGCTGGCTCCGGC	CGGCTGGGTCCGGC
Omy_RAD54441-29	TGTCTGAGGAGGAGAGGCG	AGGCGGGTGCTGAG	AGGCGGGGGCTGAG
Omy_RAD55404-54	GCAGGGTGTCCACTACAGAC	ATTGTTTCTGAAGG	ATTGTTTTTGAAGG
Omy_RAD55997-10	CATTTTCTACCTGCAGGCTGC	AGGCTGCAATGTTT	AGGCTGCCATGTTT
Omy_RAD59758-41	GGCCCCCTTCTTTCAGGAAT	TGATTGCTACTGAC	TGATTGCCACTGAC
Omy_RAD60135-12	AGCATACACACCTGCAGGAA	GAACATACCGGAAC	GAACATAGCGGAAC
Omy_RAD65808-68	TCCTTCACTCTCGATCGGGA	ATCGGGATTCACTT	ATCGGGAGTCACTT
Omy_RAD66402-36	GGTGTGATACCTCAGAGCTCTG	AACCACTTCTCTG	AACCACCTCTCTG
Omy_RAD68634-40	TGCAGGACTCCTTTGAAACGT	CCTCTAAACTGAAT	CCTCTAACCTGAAT
Omy_RAD72528-44	TGATGATCCGGACCCTCTCT	TTGGAACAAACTGT	TTGGAACTAACTGT
Omy_RAD76570-62	GCAGGTAGGTAGGAAGGAAAGC	AGAGGTGTTCTGGT	AGAGGTGGTCTGGT
Omy_RAD78147-27	GCATTTTAGCCCTCCCAAAGTC	CAAAGTCCCAGAGA	CAAAGTCTCAGAGA
Omy_RAD78502-57	GAGAGGCATCCTGTCTAGGG	GGAAATATCACACA	GGAAATAGCACACA
Omy_RAD78776-10	CACAGCTTCCTGCAGGGTAA	GGGTAATCCTGGCT	GGGTAACCCTGGCT
Omy_RAD85131-35	TTCAATAACTACAGGCAGATGGT	GATGGTATGGTGAG	GATGGTACGGTGAG
Omy_RAD92485-64	CCAGTCAGTCTTGCCTCAGG	GTGTAGATATACAT	GTGTAGAAATACAT
Omy_RAD98715-53	CGTAACGGGGAGCTGATCTG	CAGGACTTCTCCCC	CAGGACTGCTCCCC
Omy_RAD103359-45	GGAGAAGGATGTGCTCCCTG	CCTGTAACGCACAG	CCTGTAATGCACAG
Omy_RAD366-7	ACCAAATTAGAGCCTGCAGGA	CAGGACTTGCTTTT	CAGGAATTGCTTTT
Omy_RAD619-59	CATGGAGAAACAGACCCGCT	TGCTGGATCCCCCA	TGCTGGACCCCCCA
Omy_RAD739-59	ACGAGGCTTGTAAATGCAGT	GAGTTGGCTATTTT	GAGTTGGGTATTTT
Omy_RAD1186-59	CACAGCCTGGATGTGGTTCT	CCAGGACATCCAGG	CCAGGACGTCCAGG
Omy_RAD1751-18	TCCATGTTCCTGCAGGAGTG	GGAGGTGTACACCT	GGAGGGGTACACCT
Omy_RAD2567-8	CTGTCTGGATAGCCTTGCCC	GCAATGGGCTATTT	GCATTGGGCTATTT
Omy_RAD2976-26	AGGACTGTGATCCTCTCAGCT	CAGCTGGGTTGAGA	CAGCTGGATTGAGA
Omy_RAD3209-10	CGGAGGAGTTTGAGCAGTCT	CGGTATCCCTGGC	CGGTGTCCCTGGC
Omy_RAD7016-31	GCAGGAATATTCACTGTTGCCA	ATAATTTCATTTAA	ATAATTTAATTTAA
Omy_RAD9408-71	TGCACATATGGCGGGGAAAT	GCCAGGGGGACAGG	GCCAGGGTGACAGG
Omy_RAD12439-64	GGAACTTTTCACATCATGTTGACTG	CTTCTCCGATGTCA	CTTCTCCAATGTCA
Omy_RAD13073-16	GTGAGGGATCACACCTGCAG	AAAGGGGACATTACG	AAAAGGGACATTACG
Omy_RAD14269-30	TGCAGGTTCATTCTCTACAACAGT	TAGAGTACGACCCT	TAGAGTATGACCCT
Omy_RAD14541-72	ACGCAACGTGACGGTCTTAT	CTTATAGAGTTTTA	CTTATAGTGTTTTA
Omy_RAD15709-53	TGCAGGACTTGGATAACACAGA	ATGCAAGGCTTAAA	ATGCAAGACTTAAA
Omy_RAD17849-16	GACTCCACAGCCTACATGGG	AGACGGACTCCCC	AGACCGACTCCCC
Omy_RAD19340-24	GCAGGGAGCAGCATATACATG	CATGGAAATACATA	CATGGAGATACATA
Omy_RAD20917-11	CGTTGTCGTCTCCAATCAGGA	AGGTTGCGAGGTC	AGGTCGCGAGGTC
Omy_RAD23354-66	CTGCTAGTCAAGTCCACCGG	AGCCTGAATGAGGT	AGCCTGACTGAGGT
Omy_RAD24287-74	ATTGTCTGTCTGCCGAGGTG	GGTCACTACCTCCC	GGTCACTGCCTCCC
Omy_RAD24343-29	TGCAGGCAAGATTGGTAGACT	TAGAAATACAAGCA	TAGAAATGCAAGCA
Omy_RAD25042-68	GCTGCTGAAACTGGTTTGCA	AATTTCTGCCCAAA	AATTTCTTCCCAAA
Omy_RAD25266-23	TTTGAGAGTGGTGCCTGCAG	GCAGGGGTAGATACC	GCAGGTGTAGATACC
Omy_RAD25907-57	TCGTAATCGCTCCTCCTTCA	TCCTTCATGCCAGC	TCCTTCACGCCAGC
Omy_RAD28236-38	GGCACACATCTGTCCCGTAG	ATCTGTCTTCGTGC	ATCTGTCCTCGTGC
Omy_RAD29352-6	TGTGAGAAAGCGCCTCAAGA	GAGAGTAAATA	GGGAGTAAATA
Omy_RAD30243-74	TCTTCTTTCTCCTGCCCCAG	GGACCGGCCCTCTA	GGACCGGGCCTCTA
Omy_RAD32139-58	GCAGGAAACAGGTACAAAGGA	TCGACATGACCTGA	TCGACATAACCTGA
Omy_RAD33122-47	CAGGCTTTGTGGACATGTGC	CCACAGGGTGGTGC	CCACAGGCTGGTGC
Omy_RAD35149-9	GAGTCAATAGAGCCCCCTGC	GCGCGCTTATGTC	GCGCACTTATGTC
Omy_RAD37816-68	CTCATTCCCTGGCCGTCTG	GCGGCGTAAAAATG	GCGGCGTTAAAATG
Omy_RAD38406-19	CTGCAGGGGTATTAGGAGGC	AGGCTTTATATGGCC	AGGCATTATATGGCC
Omy_RAD40641-58	GGCAAACTGGCTTGTGAGTG	AGTGATATCAAGTG	AGTGATACCAAGTG
Omy_RAD41594-34	TGCAGGGTTATAATGTGTCTTTGT	CAGAGATACGTTCC	CAGAGATGCGTTCC
Omy_RAD43573-37	TGCAGGGAACGATGAAACCA	GAAAGAGAGAGTTT	GAAAGAGGGAGTTT
Omy_RAD43694-41	CCCCTCTCCCTGGCTAGAAT	AGGGAAGAGCGGAG	AGGGAAGCGCGGAG
Omy_RAD46672-27	TGCAGGAGGTCTTTTTCCTTGT	GTGGTAGCCCATCA	GTGGTAGGCCATCA
Omy_RAD49111-35	GCAGGCTTAGCATTGCTGAC	TTTCTTATATTTGA	TTTCTTACATTTGA
Omy_RAD49827-67	CCTGTGGTCCAACTCAGAGAC	TGTCTTCAGATGCC	TGTCTTCGGATGCC
Omy_RAD50632-21	CCTGCAGGCTGGGTCATTAT	TCAGCACCTCCAGCC	TCAGTACCTCCAGCC
Omy_RAD57916-29	GCAGGGCCTTAGAAACAGACT	CAGGGGCAAAACGG	CAGGGGCCAAACGG
Omy_RAD59950-44	GGAGCTCATATCGCCGATGG	GGAGGGGAAGGG	GAAGGGGAAGGG
Omy_RAD65959-69	ACATTTTGGTGTTAACAACCCTGT	TTTTGTCGTTCCTT	TTTTGTCATTCCTT
Omy_RAD73963-73	CCCTCTCAGGAAAGTGACCAC	TTTCTTTTGGA	TTTCTATTGGA
Omy_RAD76060-20	TGCAGGGTGTCAGTATTGGG	GGGCGCTGTAGGCAA	GGGTGCTGTAGGCAA
Omy_RAD86706-72	TTCCCTGTAACTGTCACGCC	TACGTTTCATTTCT	TACGTTTTATTTCT
Omy_RAD93580-37	AGGCAGAGGAGGGTTGTTTG	AGTCACCTGGGATT	AGTCACCGGGGATT
Omy_RAD23894-58	TGCAGAAAGGCTGTGTGGAT	GTGGATTAGGGG	GTGGATTTGGGG
Omy_RAD18903-48	GGGGATGAGTTCTTCGGTGG	AGGAGACACCA	AGGAGGCACCA
Omy_RAD79314-58	CACACTGACTCATCCCTCGC	AGACCTTGTC	AGACTTTGTC
Omy_RAD7384-50	GACACGCCCTCAGCCAG	GCCTCTGGCAG	GCCTCCGGCAG
Omy_RAD46314-35	ACTGCATCTTTTCCCCTGCA	TAGCAATGGT	TAGCGATGGT
Omy_RAD13034-67	GAGTGATTCCCAGCCCTCC	ATAAATCACAA	CTAAATCACAA
Omy_RAD43117-55	CGGTCACCAGTTGAACCTGT	CCTCTAACACATT	CCTCTGACACATT
Omy_RAD30619-61	CTGCAGGTCAATGGGTGCTA	CACTGTTAAA	CACTGTAAAA
Omy_RAD47080-54	TCAAAACCTGCAGGACTTGGA	TGCAAGACTTAAAACGA	TGCAAGGCTTAAAACGA
Omy_RAD52458-17	ACGTGTCCCTGAGGATGGTA	ATGGCCCCCAAGAACCC	ATGGCCCATAAGAACCC
Omy_GREB1_05	TGGGCAGATATGGAAGAACGG	CGGTGGCTCTC	CGGTGGCTCGC
Omy_GREB1_09	CCAGTGGCAACCTCAGGTAG	TCAATGGAGA	TCAAGGGAGA
Chr28_11607954	TGACACTGATCACAATGGTGAAAT	TGTGGGCTGCGAACATACTCA	TGTGGGCTGCAAACATACTCA
Chr28_11625241	CAACATTTAGGGAGAGGTTGCTAT	CCTCCTCCCTATGGTTGTCTC	CCTCCTCCCTGTGGTTGTCTC
Chr28_11632591	GTAGAGGCCAAAGGCTTGAG	TGAGAAGAACACAGAGG	TGAGAAAAACACAGAGG
Chr28_11658853	CAACATATGACCACTCGAAAACTC	TGGTACAGACACGCACTAGCA	TGGTACAGACCCGCACTAGCA
Chr28_11667578	ACAGTAAACCCATTCAGGCATAGT	GTATTGATCCTGTGGGAGACA	GTATTGATCCCGTGGGAGACA
Chr28_11671116	AATTTCCCCAAATTTGAAACTCTT	CTGGTGAGAACAGGAATTACC	CTGGTGAGAATAGGAATTACC
Chr28_11676622	CGAATGCACTGTAGCTCATTCTAA	ACATGTCATTTATTGTTATCT	ACATGTCATTGATTGTTATCT
Chr28_11683204	CAAGAAAGAAACAGATGTTGTCCA	ATGTAAAAAAGGGCAGAAAA	ATGTAAAAAATGGCAGAAAA
Chr28_11702210	CGATCCAGAGTATAACAAACATGC	GTGGTGGCATTTCTGGTGT	GTGGTGGCATGTCTGGTGT
Chr28_11773194	AGTTTGACACCCCTGTACTAGAGC	GCAATTTTTTAAAATTACCGC	GCAATTTTTTTAAATTACCGC
OmyR24370	TCATTACCTACGCAGTGGAG	ATTTAGCAGGAGGCCTCTCCA	ATTTAGCAGAAGGCCTCTCCA
OmyR14589	GGTGACTGAGCTGGATGT	GTGGTTACAAAGGGTCTGCA	GTGGTTACAAGGGGTCTGCA
OmyR19198	GTAACCATGACATCCACCAATC	ATCCCTGTTATCTAATCATT	ATCCCTGTAATCTAATCATT
OmyR33562	CAGGAGTAATGCATCCCAATG	TAAGACTTGGCATAAGCATG	TAAGACTTAGCATAAGCATG
OmyR40252	ACTCTGAATTCCTCAGGCTT	AATGCTATATTGAACCTTAA	AATGCTAAATTGAACCTTAA
OmyR40319	AAAGATTGCTGCGATGTCTAAT	TGCAAGTGCTGCCCTTTTAT	TGCAAGTGCAGCCTTTTTAT
